JWMNP,HINCP,AGEP,HUPAOC,NATIVITY,SEX,SCHL,PUMA,ST,
0,190000,45,2,1,1,23,03810,36,
0,190000,13,2,1,2,10,03810,36,
0,190000,10,2,1,1,6,03810,36,
0,300000,39,4,2,1,22,03810,36,
0,36900,83,4,1,2,22,03810,36,
30,134000,30,4,1,1,21,03810,36,
0,85100,30,4,1,1,21,03810,36,
15,61600,42,4,2,1,21,03810,36,
1,61600,39,4,2,1,23,03810,36,
0,61600,74,4,2,2,16,03810,36,
10,412000,62,4,1,2,23,03810,36,
0,412000,66,4,2,1,23,03810,36,
35,220000,26,4,1,1,21,03810,36,
35,220000,26,4,1,1,21,03810,36,
0,179800,69,4,1,2,22,03810,36,
0,125000,40,4,1,1,23,03810,36,
30,101900,24,4,1,1,21,03810,36,
15,101900,23,4,1,2,21,03810,36,
25,191600,53,4,1,2,20,03810,36,
10,191600,70,4,1,1,24,03810,36,
0,175000,23,4,1,2,21,03810,36,
0,175000,22,4,1,2,21,03810,36,
0,175000,22,4,1,2,21,03810,36,
20,150000,26,4,1,1,21,03810,36,
25,97000,27,4,1,2,21,03810,36,
3,30000,27,4,2,1,24,03810,36,
40,37900,58,4,1,2,21,03810,36,
20,60000,26,4,1,1,21,03810,36,
0,108000,24,4,2,1,21,03810,36,
0,108000,22,4,1,2,19,03810,36,
0,73800,82,4,1,2,21,03810,36,
0,192700,75,4,1,2,22,03810,36,
0,0,64,4,1,1,19,03810,36,
0,287500,25,4,1,2,21,03810,36,
0,287500,25,4,1,1,21,03810,36,
10,223000,67,4,1,1,19,03810,36,
5,223000,67,4,1,2,19,03810,36,
0,223000,25,4,1,1,21,03810,36,
10,223000,24,4,1,2,19,03810,36,
0,60300,87,4,2,1,21,03810,36,
60,251000,42,4,1,2,22,03810,36,
0,130800,70,4,2,2,22,03810,36,
15,130800,70,4,1,1,22,03810,36,
0,303000,61,4,1,2,21,03810,36,
0,303000,68,4,1,1,21,03810,36,
0,155000,64,4,1,1,22,03810,36,
45,155000,63,4,1,1,21,03810,36,
0,309000,72,4,1,2,21,03810,36,
0,309000,75,4,1,1,24,03810,36,
0,30000,29,4,1,1,23,03810,36,
25,70000,22,4,1,1,21,03810,36,
25,137000,59,4,2,2,23,03810,36,
20,634000,31,1,1,1,21,03810,36,
0,634000,30,1,1,2,22,03810,36,
0,634000,1,1,1,1,0,03810,36,
0,76480,75,4,1,2,21,03810,36,
0,647000,51,4,2,1,22,03810,36,
0,647000,50,4,2,2,22,03810,36,
0,2000,21,4,1,2,21,03810,36,
0,120000,26,4,1,1,21,03810,36,
0,176000,74,4,1,1,23,03810,36,
0,176000,65,4,2,2,21,03810,36,
0,520000,35,4,1,1,21,03810,36,
20,520000,34,4,1,2,23,03810,36,
0,104000,90,4,1,2,21,03810,36,
0,1268000,44,3,1,1,21,03810,36,
0,1268000,44,3,1,2,21,03810,36,
0,1268000,7,3,1,1,4,03810,36,
0,1268000,5,3,1,2,3,03810,36,
0,1100,52,4,1,1,19,03810,36,
12,634000,46,4,1,1,22,03810,36,
0,634000,47,4,1,2,22,03810,36,
20,639000,65,4,1,1,22,03810,36,
0,41000,86,4,1,2,21,03810,36,
0,634000,55,4,2,2,19,03810,36,
0,326200,67,4,1,1,22,03810,36,
30,326200,59,4,1,2,22,03810,36,
45,674300,47,2,1,2,23,03810,36,
0,674300,52,2,1,1,23,03810,36,
0,674300,13,2,1,2,9,03810,36,
0,674300,10,2,1,2,6,03810,36,
0,674300,8,2,1,2,4,03810,36,
45,63000,65,4,1,2,23,03810,36,
10,197500,33,4,1,1,24,03810,36,
0,35020,23,4,1,1,21,03810,36,
0,35020,22,4,1,2,21,03810,36,
0,201000,68,4,1,1,23,03810,36,
0,201000,68,4,1,2,23,03810,36,
0,201000,26,4,1,1,19,03810,36,
0,67000,77,4,1,1,19,03810,36,
0,67000,71,4,1,2,16,03810,36,
0,12000,71,4,1,1,21,03810,36,
15,142100,33,4,2,2,22,03810,36,
0,150000,24,4,1,1,21,03810,36,
0,51200,67,4,1,2,21,03810,36,
0,51200,67,4,1,1,1,03810,36,
0,116000,27,4,1,2,21,03810,36,
55,116000,26,4,2,2,21,03810,36,
0,498000,47,2,1,2,22,03810,36,
0,498000,42,2,2,1,22,03810,36,
0,498000,8,2,1,2,5,03810,36,
0,80000,30,4,1,2,21,03810,36,
0,80000,72,4,2,1,21,03810,36,
0,80000,71,4,2,2,21,03810,36,
25,1288850,32,4,1,2,23,03810,36,
25,1288850,35,4,1,1,22,03810,36,
0,239000,79,4,2,1,21,03810,36,
0,239000,76,4,2,2,21,03810,36,
0,120800,76,4,1,2,16,03810,36,
0,120800,80,4,1,1,22,03810,36,
0,-1950,51,3,1,1,21,03810,36,
0,-1950,46,3,1,2,21,03810,36,
0,-1950,11,3,1,1,7,03810,36,
0,-1950,4,3,1,2,2,03810,36,
0,437000,63,2,1,1,24,03810,36,
0,437000,58,2,1,2,24,03810,36,
0,437000,13,2,2,2,9,03810,36,
30,784000,47,4,1,1,21,03810,36,
30,784000,34,4,1,2,21,03810,36,
0,89000,95,4,2,2,21,03810,36,
1,28000,83,4,1,1,16,03810,36,
0,28000,78,4,1,2,16,03810,36,
0,73640,69,4,1,2,23,03810,36,
0,1048000,64,4,1,2,21,03810,36,
0,1048000,64,4,1,1,20,03810,36,
15,126090,28,4,1,1,21,03810,36,
0,54000,27,4,1,2,21,03810,36,
60,476200,27,4,2,1,21,03810,36,
0,476200,27,4,1,1,21,03810,36,
0,140700,77,4,1,2,24,03810,36,
45,634000,35,1,1,1,23,03810,36,
0,634000,38,1,1,2,23,03810,36,
0,634000,5,1,1,2,2,03810,36,
0,634000,5,1,1,2,2,03810,36,
0,634000,2,1,1,2,0,03810,36,
0,119300,63,4,1,2,22,03810,36,
0,119300,65,4,1,2,24,03810,36,
0,119300,25,4,1,1,21,03810,36,
25,100000,29,4,1,2,21,03810,36,
0,145000,23,4,1,1,19,03810,36,
0,145000,31,4,1,1,19,03810,36,
0,300500,65,4,1,1,22,03810,36,
0,300500,70,4,1,2,21,03810,36,
0,133000,73,4,2,1,21,03810,36,
0,1000,53,4,1,1,21,03810,36,
0,100000,49,2,2,2,21,03810,36,
8,100000,54,2,1,1,23,03810,36,
0,100000,11,2,1,2,7,03810,36,
0,100000,8,2,1,1,5,03810,36,
30,370310,62,4,1,2,19,03810,36,
0,370310,68,4,1,1,21,03810,36,
20,88000,40,4,1,2,20,03810,36,
25,275000,35,4,1,1,22,03810,36,
2,275000,35,4,1,2,21,03810,36,
0,64700,73,4,2,2,21,03810,36,
0,76000,29,4,1,2,22,03810,36,
0,76000,30,4,1,1,21,03810,36,
0,76000,58,4,2,2,21,03810,36,
0,5800,68,4,2,1,21,03810,36,
15,120000,65,4,2,2,21,03810,36,
0,28700,68,4,2,1,11,03810,36,
0,28700,65,4,2,2,15,03810,36,
0,28700,23,4,1,2,16,03810,36,
0,146600,75,4,1,2,23,03810,36,
0,355650,30,4,1,2,21,03810,36,
0,355650,30,4,1,1,22,03810,36,
0,44200,73,4,1,2,18,03810,36,
0,106200,77,4,1,1,24,03810,36,
20,695300,45,4,1,1,21,03810,36,
0,695300,44,4,1,1,21,03810,36,
20,582900,65,4,1,2,23,03810,36,
20,582900,64,4,1,1,1,03810,36,
20,582900,25,4,1,1,22,03810,36,
0,110000,27,4,1,2,21,03810,36,
0,8300,68,4,1,2,24,03810,36,
0,6000,83,4,2,2,16,03810,36,
60,884000,43,1,1,1,21,03810,36,
60,884000,42,1,1,2,23,03810,36,
0,884000,5,1,1,1,3,03810,36,
0,884000,3,1,1,2,1,03810,36,
0,697000,47,2,2,1,22,03810,36,
0,697000,46,2,1,2,22,03810,36,
0,697000,12,2,1,2,9,03810,36,
0,697000,10,2,1,1,7,03810,36,
30,310000,59,4,2,1,22,03810,36,
0,10,69,4,1,2,23,03810,36,
0,100000,32,4,1,2,21,03810,36,
0,244500,49,2,2,2,22,03810,36,
30,244500,57,2,1,1,21,03810,36,
0,244500,7,2,1,2,5,03810,36,
45,42300,27,4,1,2,21,03810,36,
0,64000,31,4,1,1,21,03810,36,
0,0,23,4,1,2,21,03810,36,
0,5400,81,4,2,1,16,03810,36,
0,128000,34,4,1,1,21,03810,36,
0,128000,35,4,1,2,21,03810,36,
0,126000,21,4,2,2,19,03810,36,
0,126000,22,4,2,2,19,03810,36,
0,48000,68,4,2,1,21,03810,36,
0,85000,27,4,1,2,21,03810,36,
15,1016000,50,2,1,1,21,03810,36,
0,1016000,48,2,1,2,22,03810,36,
0,1016000,16,2,1,2,13,03810,36,
0,1016000,13,2,1,1,11,03810,36,
0,49700,66,4,1,2,22,03810,36,
0,49700,67,4,1,1,19,03810,36,
5,418200,31,4,2,1,21,03810,36,
20,418200,29,4,2,2,22,03810,36,
0,29000,65,4,2,2,21,03810,36,
0,110000,55,4,1,1,22,03810,36,
0,48900,67,4,1,1,21,03810,36,
0,48900,67,4,1,2,21,03810,36,
10,250250,41,4,2,1,21,03810,36,
25,405000,30,4,2,2,21,03810,36,
25,405000,30,4,2,1,21,03810,36,
5,58000,33,4,1,2,21,03810,36,
0,315600,45,4,1,2,21,03810,36,
20,99000,41,3,1,1,22,03810,36,
0,99000,42,3,1,2,22,03810,36,
0,99000,8,3,1,1,5,03810,36,
0,99000,5,3,1,2,2,03810,36,
35,25300,52,2,2,2,16,03810,36,
0,25300,47,2,2,1,12,03810,36,
0,25300,19,2,1,1,18,03810,36,
0,25300,16,2,1,1,13,03810,36,
0,2400,22,4,1,1,19,03810,36,
25,160000,24,4,1,2,21,03810,36,
0,160000,24,4,1,2,21,03810,36,
0,160000,24,4,1,2,21,03810,36,
20,998000,40,1,1,1,21,03810,36,
0,998000,35,1,1,2,21,03810,36,
0,998000,3,1,1,1,1,03810,36,
0,998000,0,1,1,1,0,03810,36,
0,23200,52,2,2,2,22,03810,36,
0,23200,17,2,1,1,14,03810,36,
0,23200,17,2,1,1,14,03810,36,
0,120000,32,4,1,2,22,03810,36,
0,120000,33,4,2,1,16,03810,36,
0,17700,78,4,1,1,22,03810,36,
15,95000,23,4,2,2,21,03810,36,
0,39700,70,4,2,2,22,03810,36,
30,209700,70,4,1,1,23,03810,36,
0,209700,68,4,1,2,23,03810,36,
0,379000,95,4,1,2,18,03810,36,
0,120000,51,4,2,1,16,03810,36,
0,141000,50,2,1,1,21,03810,36,
15,141000,50,2,2,2,21,03810,36,
0,141000,19,2,1,1,16,03810,36,
0,141000,12,2,1,1,9,03810,36,
0,463100,34,4,2,2,22,03810,36,
0,463100,33,4,2,1,21,03810,36,
0,160000,29,4,1,2,21,03810,36,
0,160000,29,4,1,1,21,03810,36,
0,50000,44,4,2,2,15,03810,36,
25,50000,44,4,1,2,18,03810,36,
0,105000,33,4,1,2,23,03810,36,
25,180000,55,4,2,1,22,03810,36,
30,40400,70,4,1,2,22,03810,36,
0,634000,42,4,2,1,21,03810,36,
15,115000,43,4,2,2,21,03810,36,
15,115000,32,4,2,1,19,03810,36,
0,200000,35,4,1,2,23,03810,36,
0,300000,25,4,1,1,21,03810,36,
0,220100,31,4,1,1,22,03810,36,
0,220100,31,4,1,2,21,03810,36,
0,45000,23,4,1,2,21,03810,36,
0,189000,26,4,1,2,21,03810,36,
0,189000,28,4,1,1,21,03810,36,
40,300000,69,4,1,1,22,03810,36,
0,300000,67,4,1,2,22,03810,36,
2,190000,60,4,1,1,22,03810,36,
0,190000,57,4,1,2,17,03810,36,
30,38600,54,4,2,2,20,03810,36,
0,38600,29,4,1,1,21,03810,36,
0,103000,29,4,2,2,21,03810,36,
10,103000,40,4,2,1,24,03810,36,
0,10000,71,4,2,1,11,03810,36,
30,160000,41,3,1,1,21,03810,36,
0,160000,40,3,1,2,21,03810,36,
0,160000,8,3,1,2,6,03810,36,
0,160000,7,3,1,1,4,03810,36,
0,160000,2,3,1,2,0,03810,36,
2,70400,63,4,2,2,24,03810,36,
20,70400,78,4,1,1,23,03810,36,
0,70400,18,4,1,2,15,03810,36,
55,122700,58,4,1,2,22,03810,36,
40,122700,56,4,1,1,15,03810,36,
20,450000,37,1,1,1,21,03810,36,
0,450000,34,1,1,2,21,03810,36,
0,450000,4,1,1,2,2,03810,36,
0,450000,2,1,1,2,0,03810,36,
15,17000,28,4,1,1,17,03810,36,
0,17000,64,4,2,1,19,03810,36,
30,310000,42,4,1,1,21,03810,36,
45,310000,35,4,1,2,21,03810,36,
0,195000,84,4,1,1,24,03810,36,
0,195000,80,4,1,2,23,03810,36,
20,676200,65,4,1,1,23,03810,36,
0,676200,42,4,2,1,20,03810,36,
0,380000,31,4,1,1,21,03810,36,
0,380000,28,4,2,2,21,03810,36,
0,85000,52,4,1,1,21,03810,36,
0,131000,29,4,1,2,21,03810,36,
20,131000,31,4,1,1,21,03810,36,
30,383300,28,4,1,1,21,03810,36,
0,383300,27,4,2,1,23,03810,36,
15,197400,27,4,2,1,21,03810,36,
15,197400,29,4,1,1,22,03810,36,
0,87000,26,4,1,1,21,03810,36,
0,221800,29,4,1,1,21,03810,36,
0,221800,28,4,1,1,21,03810,36,
0,221800,28,4,1,1,21,03810,36,
30,500000,39,4,1,2,21,03810,36,
0,500000,41,4,1,1,21,03810,36,
0,500000,40,4,1,2,21,03810,36,
0,500000,3,4,1,1,1,03810,36,
20,46900,25,4,1,2,21,03810,36,
0,200,29,4,2,1,22,03810,36,
0,280000,31,4,1,1,21,03810,36,
0,280000,27,4,1,2,21,03810,36,
7,85100,24,4,1,2,21,03810,36,
20,493000,64,4,1,1,24,03810,36,
30,493000,67,4,1,2,24,03810,36,
35,493000,26,4,1,2,21,03810,36,
30,383000,30,4,2,1,24,03810,36,
0,10600,74,4,2,1,16,03810,36,
0,19900,77,4,1,1,22,03810,36,
0,19900,78,4,1,2,20,03810,36,
0,152500,35,4,1,2,21,03810,36,
20,634000,37,4,2,2,22,03810,36,
0,214000,51,4,2,1,22,03810,36,
0,83000,32,4,1,2,21,03810,36,
0,220000,56,4,2,2,22,03810,36,
0,220000,58,4,2,1,21,03810,36,
0,220000,21,4,1,1,16,03810,36,
0,500000,36,4,1,1,22,03810,36,
0,500000,35,4,1,2,23,03810,36,
30,64500,66,4,2,1,19,03810,36,
30,64500,41,4,1,1,22,03810,36,
0,64500,67,4,1,1,22,03810,36,
0,64500,66,4,1,2,22,03810,36,
10,195000,26,4,1,1,21,03810,36,
30,195000,25,4,1,2,21,03810,36,
0,30000,61,4,1,1,21,03810,36,
0,11000,24,4,2,2,22,03810,36,
15,96000,59,4,1,2,18,03810,36,
0,19200,69,4,1,1,18,03810,36,
30,100000,63,4,2,1,16,03810,36,
0,100000,63,4,2,2,16,03810,36,
0,87800,71,4,1,1,21,03810,36,
0,24000,70,4,1,1,21,03810,36,
0,219300,31,4,1,2,21,03810,36,
0,558800,59,4,1,2,19,03810,36,
0,558800,59,4,1,2,23,03810,36,
0,773000,34,4,1,1,22,03810,36,
0,773000,69,4,2,2,22,03810,36,
0,324000,35,4,1,1,21,03810,36,
30,50000,41,4,1,2,21,03810,36,
0,330000,28,4,1,2,21,03810,36,
30,330000,31,4,1,1,21,03810,36,
30,118600,66,4,1,2,21,03810,36,
0,118600,77,4,1,1,22,03810,36,
0,39700,78,4,1,2,19,03810,36,
0,250200,34,4,1,2,21,03810,36,
30,160550,53,4,1,2,22,03810,36,
20,160550,55,4,1,1,21,03810,36,
30,220000,32,4,1,1,22,03810,36,
0,220000,28,4,1,1,22,03810,36,
30,636000,29,4,1,1,21,03810,36,
0,200000,31,4,1,2,23,03810,36,
0,74400,53,2,2,2,21,03810,36,
0,74400,15,2,1,2,13,03810,36,
0,74400,7,2,1,2,4,03810,36,
0,300000,53,2,1,1,22,03810,36,
20,300000,48,2,1,2,21,03810,36,
0,300000,10,2,1,1,7,03810,36,
0,136000,88,4,1,2,22,03810,36,
0,556000,44,2,2,2,23,03810,36,
0,556000,44,2,2,1,23,03810,36,
0,556000,11,2,1,1,8,03810,36,
0,556000,6,2,1,1,3,03810,36,
0,480,47,4,1,1,21,03810,36,
0,49000,28,4,1,1,16,03810,36,
0,71800,82,4,1,2,21,03810,36,
0,232000,46,4,1,2,24,03810,36,
30,115000,32,4,2,1,22,03810,36,
35,250000,40,4,1,1,21,03810,36,
36,250000,42,4,1,2,21,03810,36,
0,108300,83,4,1,2,22,03810,36,
0,260000,32,1,2,1,22,03810,36,
0,260000,31,1,2,2,22,03810,36,
0,260000,0,1,1,1,0,03810,36,
0,24000,71,4,1,2,19,03810,36,
0,24000,60,4,1,1,22,03810,36,
0,154000,60,4,1,1,22,03810,36,
0,8700,67,4,2,1,20,03810,36,
0,156000,46,4,1,1,21,03810,36,
0,164800,33,4,1,2,23,03810,36,
0,164800,28,4,2,1,13,03810,36,
0,20,62,4,1,1,16,03810,36,
0,374000,61,4,1,1,21,03810,36,
45,374000,55,4,1,1,18,03810,36,
30,123000,31,4,1,1,22,03810,36,
15,100000,23,4,1,1,21,03810,36,
0,100000,23,4,1,2,23,03810,36,
0,35000,34,4,2,2,21,03810,36,
0,155500,63,4,1,2,21,03810,36,
0,637900,39,4,2,2,22,03810,36,
25,210000,27,4,1,2,21,03810,36,
0,0,22,4,1,2,19,03810,36,
0,169000,81,4,1,1,23,03810,36,
15,169000,67,4,2,2,21,03810,36,
20,1271000,28,4,1,2,21,03810,36,
20,1271000,31,4,1,1,21,03810,36,
8,351000,48,2,1,1,22,03810,36,
0,351000,47,2,1,2,22,03810,36,
0,351000,17,2,1,2,14,03810,36,
0,351000,15,2,1,2,12,03810,36,
0,351000,10,2,1,1,7,03810,36,
0,43000,48,4,1,2,22,03810,36,
0,634000,34,4,2,1,21,03810,36,
0,52000,55,4,1,1,21,03810,36,
35,156000,51,4,1,1,21,03810,36,
0,156000,53,4,1,1,22,03810,36,
0,186000,64,4,1,1,22,03810,36,
0,186000,64,4,1,2,22,03810,36,
0,186000,25,4,1,1,21,03810,36,
0,186000,23,4,1,1,21,03810,36,
0,186000,95,4,1,2,16,03810,36,
0,287000,28,4,2,1,21,03810,36,
0,287000,30,4,2,1,18,03810,36,
20,195000,31,4,1,1,21,03810,36,
20,195000,29,4,1,2,21,03810,36,
30,313500,31,4,1,2,22,03810,36,
30,313500,32,4,1,2,22,03810,36,
0,313500,31,4,1,2,20,03810,36,
0,313500,31,4,1,2,23,03810,36,
30,74200,60,4,2,1,19,03810,36,
10,74200,57,4,2,2,21,03810,36,
0,328900,73,4,2,2,22,03810,36,
0,328900,76,4,1,1,21,03810,36,
0,100000,65,4,1,2,22,03810,36,
0,125000,35,4,2,1,24,03810,36,
40,589000,68,4,1,2,24,03810,36,
0,784000,40,3,2,2,21,03810,36,
0,784000,44,3,2,1,21,03810,36,
0,784000,11,3,1,1,8,03810,36,
0,784000,8,3,1,1,5,03810,36,
0,784000,1,3,1,2,0,03810,36,
32,440700,24,4,1,1,21,03810,36,
32,440700,24,4,1,1,21,03810,36,
15,440700,24,4,1,1,21,03810,36,
0,440700,24,4,1,1,21,03810,36,
30,80000,35,4,2,2,21,03810,36,
30,200000,30,4,1,2,21,03810,36,
30,200000,31,4,1,1,21,03810,36,
0,2700,53,4,1,2,23,03810,36,
20,153200,23,4,1,2,19,03810,36,
45,153200,62,4,1,2,21,03810,36,
40,153200,57,4,1,2,21,03810,36,
30,153200,25,4,1,2,16,03810,36,
0,335000,29,4,1,1,22,03810,36,
0,335000,30,4,1,2,21,03810,36,
0,335000,27,4,1,2,21,03810,36,
45,173800,25,4,1,2,22,03810,36,
60,173800,29,4,1,1,21,03810,36,
35,173800,25,4,1,2,21,03810,36,
0,146000,25,4,1,2,21,03810,36,
0,3480,86,4,1,2,21,03810,36,
20,100000,38,4,1,1,22,03810,36,
30,100000,36,4,1,2,17,03810,36,
0,70000,27,4,1,1,21,03810,36,
30,50000,63,4,1,2,21,03810,36,
25,500000,35,4,1,1,21,03810,36,
55,500000,34,4,1,2,23,03810,36,
30,500750,30,4,1,1,21,03810,36,
15,500750,30,4,1,2,21,03810,36,
0,769000,43,4,2,2,21,03810,36,
20,769000,49,4,1,1,24,03810,36,
10,170000,64,4,2,2,24,03810,36,
0,3000,28,4,1,1,22,03810,36,
0,203000,37,1,1,2,21,03810,36,
30,203000,40,1,1,1,19,03810,36,
0,203000,1,1,1,2,0,03810,36,
0,130000,34,4,1,2,21,03810,36,
0,6000,70,4,2,2,16,03810,36,
5,80000,26,4,2,1,21,03810,36,
10,305350,30,4,1,1,21,03810,36,
0,305350,33,4,1,2,21,03810,36,
30,375000,29,4,2,1,22,03810,36,
0,375000,12,4,1,1,9,03810,36,
0,442700,72,4,2,1,21,03810,36,
0,442700,72,4,2,2,21,03810,36,
0,60000,23,4,1,2,21,03810,36,
0,60000,25,4,1,2,21,03810,36,
0,116000,83,4,1,1,22,03810,36,
0,116000,81,4,1,2,22,03810,36,
25,1420600,68,4,1,1,21,03810,36,
0,1420600,69,4,1,2,19,03810,36,
0,15000,26,4,2,2,22,03810,36,
30,80000,62,4,1,2,21,03810,36,
15,25000,50,4,1,2,20,03810,36,
0,12300,78,4,1,2,22,03810,36,
0,39700,89,4,1,2,16,03810,36,
20,67000,40,4,1,1,21,03810,36,
0,1078000,49,2,1,2,22,03810,36,
0,1078000,47,2,1,1,23,03810,36,
0,1078000,12,2,1,2,8,03810,36,
0,1078000,11,2,1,1,7,03810,36,
0,196900,29,4,1,2,21,03810,36,
0,196900,27,4,1,2,21,03810,36,
30,93500,42,4,1,2,22,03810,36,
0,93500,35,4,1,2,21,03810,36,
0,106300,78,4,1,1,22,03810,36,
0,106300,78,4,1,2,18,03810,36,
20,160000,53,2,1,2,21,03810,36,
20,160000,49,2,2,1,17,03810,36,
0,160000,16,2,1,1,13,03810,36,
0,160000,14,2,1,2,11,03810,36,
0,160000,12,2,1,1,9,03810,36,
0,160000,10,2,1,1,7,03810,36,
20,53600,66,4,1,1,24,03810,36,
0,91700,89,4,2,2,16,03810,36,
0,150000,51,4,2,2,24,03810,36,
0,60300,78,4,1,2,16,03810,36,
30,190000,28,4,1,2,21,03810,36,
15,190000,31,4,1,2,23,03810,36,
0,23100,84,4,1,2,22,03810,36,
5,300000,49,4,2,1,23,03810,36,
0,12000,73,4,1,2,23,03810,36,
0,445000,35,4,2,1,21,03810,36,
0,445000,35,4,1,2,21,03810,36,
0,5000,26,4,2,2,22,03810,36,
30,225460,62,4,1,2,21,03810,36,
30,225460,69,4,1,1,21,03810,36,
0,225460,24,4,1,1,21,03810,36,
5,58000,45,4,1,1,18,03810,36,
0,216000,34,4,1,2,23,03810,36,
0,270000,75,4,1,1,23,03810,36,
0,270000,76,4,1,2,24,03810,36,
0,200,62,4,1,2,22,03810,36,
0,200000,28,4,1,2,21,03810,36,
90,200000,27,4,1,1,22,03810,36,
0,634000,36,4,2,1,21,03810,36,
0,1480,71,4,2,1,21,03810,36,
15,744000,45,2,1,1,22,03810,36,
0,744000,43,2,2,2,22,03810,36,
0,744000,8,2,1,1,5,03810,36,
0,744000,74,2,2,2,21,03810,36,
0,14200,76,4,1,1,19,03810,36,
0,14200,39,4,1,2,16,03810,36,
20,77000,24,4,1,2,21,03810,36,
0,9000,49,4,1,2,19,03810,36,
30,75000,32,4,1,2,21,03810,36,
10,634020,43,2,1,1,18,03810,36,
0,634020,11,2,1,2,8,03810,36,
7,468500,71,4,1,1,24,03810,36,
0,468500,71,4,2,2,24,03810,36,
0,500000,30,4,1,1,21,03810,36,
20,500000,27,4,1,2,21,03810,36,
0,183200,73,4,1,1,21,03810,36,
2,183200,63,4,1,2,21,03810,36,
0,200000,31,4,1,1,21,03810,36,
0,200000,35,4,1,2,22,03810,36,
0,40000,29,4,1,1,22,03810,36,
0,54000,83,4,1,1,22,03810,36,
0,0,19,4,1,2,19,03810,36,
45,143860,37,1,1,2,20,03810,36,
10,143860,34,1,1,1,20,03810,36,
0,143860,1,1,1,2,0,03810,36,
0,360000,35,4,1,1,22,03810,36,
0,360000,32,4,1,1,21,03810,36,
0,360000,32,4,2,2,21,03810,36,
0,130000,46,4,1,2,22,03810,36,
45,130000,37,4,2,2,16,03810,36,
20,300000,65,4,1,1,22,03810,36,
20,300000,49,4,2,1,16,03810,36,
0,75300,44,4,1,2,17,03810,36,
20,75300,41,4,2,1,16,03810,36,
0,67000,50,4,1,1,21,03810,36,
0,99300,72,4,2,2,21,03810,36,
30,99300,51,4,2,1,16,03810,36,
0,83600,48,4,1,1,18,03810,36,
0,83600,69,4,1,1,16,03810,36,
10,775200,46,4,1,1,22,03810,36,
20,775200,38,4,1,2,18,03810,36,
0,199000,24,4,1,2,21,03810,36,
0,199000,24,4,1,2,19,03810,36,
0,199000,24,4,1,2,21,03810,36,
0,150000,25,4,1,2,21,03810,36,
10,400000,59,4,2,2,22,03810,36,
0,286250,54,2,2,2,21,03810,36,
0,286250,55,2,2,1,21,03810,36,
15,286250,17,2,1,1,14,03810,36,
30,270500,25,4,1,2,21,03810,36,
25,300000,32,4,2,1,21,03810,36,
0,300000,32,4,2,2,21,03810,36,
0,125000,24,4,1,2,22,03810,36,
30,125000,24,4,1,2,22,03810,36,
0,125000,24,4,1,2,21,03810,36,
0,212000,29,4,1,2,21,03810,36,
30,212000,35,4,2,1,21,03810,36,
0,0,86,4,1,2,1,03810,36,
0,0,91,4,1,1,5,03810,36,
12,120000,32,4,2,1,22,03810,36,
0,120000,30,4,1,2,21,03810,36,
20,173000,29,4,1,1,21,03810,36,
20,173000,29,4,1,1,21,03810,36,
0,17800,83,4,1,1,23,03810,36,
0,220000,27,4,1,2,21,03810,36,
20,220000,31,4,1,1,21,03810,36,
0,250000,83,4,2,2,22,03810,36,
30,307700,28,4,1,1,21,03810,36,
5,54000,57,4,1,2,16,03810,36,
0,80000,36,4,1,1,21,03810,36,
0,206000,38,4,2,1,22,03810,36,
0,206000,28,4,1,2,21,03810,36,
0,150000,31,4,1,2,22,03810,36,
30,200000,26,4,1,2,21,03810,36,
0,729000,33,4,1,1,22,03810,36,
0,729000,29,4,1,2,21,03810,36,
0,822300,35,1,1,2,21,03810,36,
0,822300,35,1,1,1,21,03810,36,
0,822300,2,1,1,1,0,03810,36,
0,822300,1,1,1,2,0,03810,36,
25,400000,36,1,1,1,21,03810,36,
25,400000,37,1,1,2,21,03810,36,
0,400000,2,1,1,2,0,03810,36,
20,121880,44,1,2,1,22,03810,36,
55,121880,38,1,2,2,21,03810,36,
0,121880,0,1,1,1,0,03810,36,
0,124000,27,4,1,1,21,03810,36,
0,124000,26,4,1,2,22,03810,36,
25,202000,38,4,1,2,21,03810,36,
7,202000,32,4,2,1,19,03810,36,
0,225000,42,2,2,2,21,03810,36,
30,225000,42,2,1,1,20,03810,36,
0,225000,11,2,1,1,8,03810,36,
0,225000,8,2,1,1,6,03810,36,
35,316000,54,4,1,1,21,03810,36,
10,316000,54,4,1,1,16,03810,36,
0,130000,33,1,2,2,21,03810,36,
0,130000,53,1,1,1,21,03810,36,
0,130000,2,1,1,2,0,03810,36,
0,60000,48,2,2,1,22,03810,36,
0,60000,52,2,1,2,21,03810,36,
0,60000,8,2,1,1,5,03810,36,
0,60000,8,2,1,2,5,03810,36,
25,80000,27,4,2,1,22,03810,36,
20,824000,51,2,1,1,21,03810,36,
0,824000,53,2,1,2,23,03810,36,
0,824000,20,2,1,2,19,03810,36,
0,824000,15,2,1,1,12,03810,36,
0,0,38,4,1,2,1,03810,36,
15,294900,45,4,1,1,21,03810,36,
10,294900,40,4,1,2,21,03810,36,
30,94000,62,4,1,2,18,03810,36,
15,671000,52,4,2,1,22,03810,36,
0,671000,54,4,1,2,22,03810,36,
5,40000,29,4,1,1,23,03810,36,
45,100000,63,4,2,2,20,03810,36,
0,100000,66,4,2,1,19,03810,36,
30,94800,38,2,1,2,18,03810,36,
0,94800,6,2,1,1,4,03810,36,
0,94800,6,2,1,1,3,03810,36,
0,176000,51,2,2,1,22,03810,36,
0,176000,45,2,2,2,24,03810,36,
0,176000,16,2,1,2,13,03810,36,
0,176000,14,2,1,2,11,03810,36,
0,176000,9,2,1,2,6,03810,36,
30,238000,34,4,1,2,21,03810,36,
0,220400,69,4,1,2,24,03810,36,
0,220400,66,4,1,1,22,03810,36,
0,186700,68,4,1,1,24,03810,36,
0,186700,70,4,1,2,22,03810,36,
0,99100,91,4,1,1,22,03810,36,
0,99100,85,4,1,2,22,03810,36,
0,22200,69,4,1,1,21,03810,36,
0,22200,72,4,1,2,21,03810,36,
75,100000,49,4,2,2,23,03810,36,
0,120000,31,4,1,2,21,03810,36,
0,120000,33,4,1,2,23,03810,36,
0,120000,19,4,2,2,16,03810,36,
17,170000,41,4,2,1,20,03810,36,
75,180000,47,4,2,2,22,03810,36,
0,9780,84,4,2,2,12,03810,36,
0,414000,58,4,1,1,21,03810,36,
0,414000,54,4,1,2,23,03810,36,
0,486000,39,3,2,2,24,03810,36,
0,486000,41,3,2,1,24,03810,36,
0,486000,8,3,1,1,4,03810,36,
0,486000,4,3,1,2,1,03810,36,
0,24000,75,4,1,2,20,03810,36,
0,56750,75,4,1,2,20,03810,36,
0,265000,65,4,2,1,19,03810,36,
10,265000,52,4,1,2,19,03810,36,
15,265000,24,4,1,2,21,03810,36,
0,100000,31,4,1,2,21,03810,36,
20,460400,51,4,2,1,21,03810,36,
0,460400,52,4,1,1,23,03810,36,
0,117000,33,4,2,2,22,03810,36,
45,230000,48,2,1,1,22,03810,36,
15,230000,48,2,1,2,22,03810,36,
0,230000,15,2,1,2,12,03810,36,
0,230000,13,2,1,2,10,03810,36,
15,90000,32,4,1,2,21,03810,36,
0,180000,35,4,1,2,21,03810,36,
0,-60000,21,0,1,2,19,03810,36,
0,-60000,66,0,2,1,19,03810,36,
5,-60000,18,0,1,2,16,03810,36,
0,-60000,21,0,1,1,19,03810,36,
15,-60000,19,0,1,1,16,03810,36,
3,-60000,18,0,1,2,16,03810,36,
0,-60000,75,0,1,1,22,03810,36,
5,-60000,19,0,1,1,16,03810,36,
0,-60000,32,0,2,1,21,03810,36,
0,-60000,18,0,1,1,16,03810,36,
3,-60000,18,0,1,2,16,03810,36,
0,-60000,18,0,1,2,16,03810,36,
0,-60000,20,0,1,1,19,03810,36,
0,-60000,23,0,1,2,21,03810,36,
0,-60000,18,0,1,1,16,03810,36,
0,-60000,19,0,1,1,18,03810,36,
0,-60000,18,0,1,1,16,03810,36,
0,-60000,20,0,1,2,19,03810,36,
4,-60000,18,0,1,1,16,03810,36,
30,-60000,32,0,1,2,14,03810,36,
0,-60000,20,0,1,2,19,03810,36,
0,-60000,20,0,1,2,16,03810,36,
4,-60000,21,0,1,1,16,03810,36,
15,-60000,26,0,1,1,21,03810,36,
4,-60000,34,0,1,1,21,03810,36,
5,-60000,20,0,1,1,19,03810,36,
2,-60000,17,0,1,2,18,03810,36,
0,-60000,25,0,1,1,21,03810,36,
2,-60000,18,0,1,2,16,03810,36,
5,-60000,18,0,1,2,16,03810,36,
0,-60000,75,0,1,1,20,03810,36,
0,-60000,64,0,1,1,22,03810,36,
0,-60000,18,0,1,2,16,03810,36,
5,-60000,18,0,1,2,16,03810,36,
40,-60000,38,0,2,2,20,03810,36,
0,-60000,18,0,1,2,16,03810,36,
0,-60000,19,0,1,1,19,03810,36,
0,-60000,18,0,1,2,16,03810,36,
0,-60000,21,0,1,2,19,03810,36,
0,-60000,18,0,1,2,16,03810,36,
0,-60000,22,0,1,2,21,03810,36,
0,-60000,21,0,2,1,19,03810,36,
0,-60000,69,0,1,1,19,03810,36,
0,-60000,18,0,2,2,16,03810,36,
4,-60000,18,0,1,2,18,03810,36,
0,-60000,21,0,1,1,19,03810,36,
5,-60000,18,0,1,1,16,03810,36,
0,-60000,20,0,1,1,16,03810,36,
0,-60000,3,0,1,1,1,03810,36,
0,-60000,19,0,1,1,16,03810,36,
0,-60000,19,0,1,1,16,03810,36,
0,-60000,29,0,1,1,16,03810,36,
0,-60000,19,0,1,1,16,03810,36,
4,-60000,18,0,1,2,16,03810,36,
0,-60000,19,0,1,2,16,03810,36,
0,-60000,20,0,1,2,19,03810,36,
0,-60000,18,0,1,2,16,03810,36,
0,-60000,19,0,1,1,16,03810,36,
0,-60000,18,0,1,2,16,03810,36,
0,-60000,20,0,1,2,19,03810,36,
0,-60000,18,0,1,2,16,03810,36,
0,-60000,21,0,1,2,19,03810,36,
0,-60000,20,0,1,2,19,03810,36,
0,-60000,18,0,1,2,16,03810,36,
0,-60000,17,0,1,1,18,03810,36,
4,-60000,21,0,2,1,19,03810,36,
4,-60000,19,0,1,2,19,03810,36,
0,-60000,17,0,1,2,16,03810,36,
0,-60000,95,0,1,2,16,03810,36,
0,-60000,20,0,1,2,19,03810,36,
4,-60000,19,0,1,1,16,03810,36,
0,-60000,21,0,1,2,19,03810,36,
0,-60000,19,0,1,1,19,03810,36,
5,-60000,25,0,1,1,21,03810,36,
0,-60000,20,0,1,1,19,03810,36,
0,-60000,18,0,1,2,16,03810,36,
0,-60000,20,0,1,2,19,03810,36,
0,-60000,21,0,1,2,19,03810,36,
0,-60000,29,0,1,2,22,03810,36,
0,-60000,19,0,1,2,16,03810,36,
0,-60000,20,0,1,2,19,03810,36,
0,-60000,61,0,1,1,19,03810,36,
0,-60000,26,0,2,2,21,03810,36,
5,-60000,18,0,1,1,16,03810,36,
4,-60000,27,0,1,2,21,03810,36,
0,-60000,23,0,1,2,21,03810,36,
0,-60000,29,0,1,2,16,03810,36,
0,-60000,25,0,1,1,21,03810,36,
0,-60000,19,0,1,2,16,03810,36,
0,-60000,27,0,1,2,21,03810,36,
0,-60000,22,0,1,1,21,03810,36,
0,-60000,20,0,1,2,19,03810,36,
0,-60000,22,0,1,2,19,03810,36,
3,-60000,27,0,1,2,21,03810,36,
4,-60000,19,0,1,2,16,03810,36,
3,-60000,19,0,2,2,16,03810,36,
0,-60000,18,0,1,1,16,03810,36,
0,-60000,35,0,2,2,21,03810,36,
0,-60000,18,0,2,2,16,03810,36,
0,-60000,69,0,1,1,19,03810,36,
0,-60000,18,0,1,2,16,03810,36,
5,-60000,18,0,1,2,16,03810,36,
3,-60000,18,0,1,2,16,03810,36,
0,-60000,20,0,1,1,19,03810,36,
2,-60000,17,0,1,2,19,03810,36,
0,-60000,31,0,1,2,21,03810,36,
0,-60000,23,0,2,2,21,03810,36,
0,-60000,22,0,1,2,21,03810,36,
0,-60000,70,0,1,1,16,03810,36,
0,-60000,21,0,1,2,19,03810,36,
0,-60000,18,0,1,1,16,03810,36,
0,-60000,21,0,1,2,19,03810,36,
15,-60000,27,0,1,1,21,03810,36,
0,-60000,18,0,1,1,16,03810,36,
0,-60000,23,0,1,1,21,03810,36,
0,-60000,18,0,2,1,16,03810,36,
0,-60000,24,0,1,1,21,03810,36,
2,-60000,19,0,2,2,18,03810,36,
0,-60000,76,0,2,1,21,03810,36,
2,-60000,18,0,1,2,16,03810,36,
40,-60000,38,0,2,2,20,03810,36,
4,-60000,18,0,1,1,16,03810,36,
0,-60000,20,0,1,1,19,03810,36,
0,-60000,34,0,2,1,16,03810,36,
0,-60000,20,0,1,1,16,03810,36,
0,-60000,65,0,1,2,16,03810,36,
0,-60000,18,0,1,2,16,03810,36,
0,-60000,21,0,1,1,19,03810,36,
12,67500,31,4,1,1,21,03810,36,
0,67500,58,4,1,1,21,03810,36,
0,205000,29,4,1,2,21,03810,36,
20,205000,30,4,1,1,21,03810,36,
0,634000,34,4,2,1,21,03810,36,
0,179000,86,4,2,1,24,03810,36,
30,180250,45,3,1,2,22,03810,36,
15,180250,44,3,2,1,21,03810,36,
0,180250,6,3,1,2,3,03810,36,
0,180250,4,3,1,2,2,03810,36,
0,180250,2,3,1,1,0,03810,36,
10,285000,27,4,1,1,22,03810,36,
30,285000,26,4,1,2,21,03810,36,
0,255080,25,4,1,1,21,03810,36,
25,199500,30,4,1,2,21,03810,36,
0,36500,61,4,1,1,21,03810,36,
0,23100,77,4,2,2,21,03810,36,
40,105800,39,4,1,1,21,03810,36,
15,160000,24,4,1,2,21,03810,36,
0,160000,24,4,1,2,22,03810,36,
30,100000,25,4,1,2,21,03810,36,
5,535000,40,4,2,1,24,03810,36,
30,535000,37,4,1,2,23,03810,36,
20,91600,38,4,1,2,22,03810,36,
20,91600,28,4,1,2,21,03810,36,
22,30000,22,4,2,2,21,03810,36,
0,90000,81,4,1,2,19,03810,36,
0,25600,60,4,1,2,22,03810,36,
15,189700,73,4,1,2,23,03810,36,
0,643000,42,4,1,1,21,03810,36,
0,125000,34,4,2,1,24,03810,36,
0,145000,32,4,1,2,22,03810,36,
0,31130,71,4,1,1,21,03810,36,
25,694050,27,4,2,1,21,03810,36,
10,694050,27,4,2,2,21,03810,36,
40,74500,27,4,1,1,21,03810,36,
0,74500,24,4,1,2,20,03810,36,
0,155500,32,4,1,2,21,03810,36,
0,155500,29,4,1,1,21,03810,36,
0,40000,21,4,1,1,20,03810,36,
25,40000,21,4,1,1,19,03810,36,
0,44200,63,4,1,2,21,03810,36,
0,51000,65,4,1,2,19,03810,36,
0,191500,35,1,1,1,21,03810,36,
0,191500,37,1,2,2,23,03810,36,
0,191500,2,1,1,2,0,03810,36,
0,200000,56,2,1,2,22,03810,36,
0,200000,12,2,1,1,9,03810,36,
0,200000,7,2,1,2,4,03810,36,
10,89530,70,4,1,1,22,03810,36,
15,324000,36,1,1,1,23,03810,36,
45,324000,34,1,1,2,21,03810,36,
0,324000,1,1,1,1,0,03810,36,
0,10000,30,4,1,2,21,03810,36,
0,312000,26,4,1,1,21,03810,36,
0,312000,27,4,1,2,21,03810,36,
0,312000,26,4,1,1,21,03810,36,
0,200000,28,4,2,2,21,03810,36,
0,286700,69,4,1,2,23,03810,36,
10,286700,68,4,1,1,23,03810,36,
0,92700,76,4,1,1,22,03810,36,
0,92700,76,4,1,2,21,03810,36,
5,290100,29,4,1,1,21,03810,36,
0,290100,28,4,1,1,21,03810,36,
0,1268000,36,1,1,2,21,03810,36,
20,1268000,38,1,1,1,21,03810,36,
0,1268000,2,1,1,1,0,03810,36,
0,1268000,0,1,1,2,0,03810,36,
20,250000,40,4,1,2,21,03810,36,
0,724500,42,4,2,1,21,03810,36,
0,724500,45,4,2,2,22,03810,36,
0,3500,22,4,1,1,21,03810,36,
0,551000,49,4,1,1,22,03810,36,
0,551000,44,4,1,2,23,03810,36,
10,215000,28,4,1,2,21,03810,36,
0,215000,27,4,1,2,21,03810,36,
0,10000,58,4,1,1,21,03810,36,
0,39300,48,4,1,1,21,03810,36,
20,884000,45,1,1,1,22,03810,36,
30,884000,47,1,2,2,22,03810,36,
0,884000,3,1,1,2,1,03810,36,
30,363400,57,2,2,1,22,03810,36,
0,363400,55,2,2,2,21,03810,36,
0,363400,15,2,1,2,11,03810,36,
10,468500,73,4,1,1,22,03810,36,
0,468500,73,4,1,2,23,03810,36,
0,140900,78,4,1,1,21,03810,36,
0,0,28,4,1,1,21,03810,36,
0,170000,39,4,1,2,23,03810,36,
45,109000,59,4,1,2,23,03810,36,
5,109000,31,4,1,1,20,03810,36,
10,109000,27,4,1,1,21,03810,36,
0,109000,26,4,1,1,21,03810,36,
30,300000,49,4,1,1,23,03810,36,
10,150000,31,4,2,1,22,03810,36,
0,13900,95,4,2,2,12,03810,36,
30,100000,63,4,1,2,21,03810,36,
0,377000,75,4,1,2,18,03810,36,
0,14400,78,4,1,1,21,03810,36,
30,500000,28,4,1,1,21,03810,36,
0,500000,27,4,1,2,21,03810,36,
0,460000,58,1,1,1,21,03810,36,
30,460000,33,1,2,2,22,03810,36,
0,460000,0,1,1,1,0,03810,36,
0,784000,28,4,1,2,21,03810,36,
0,784000,33,4,1,1,21,03810,36,
40,150000,38,3,2,2,21,03810,36,
0,150000,8,3,1,1,6,03810,36,
0,150000,5,3,1,2,3,03810,36,
0,150000,3,3,1,1,1,03810,36,
0,48600,25,4,1,2,21,03810,36,
0,100200,76,4,1,2,21,03810,36,
138,100200,77,4,1,1,23,03810,36,
45,380000,54,4,2,1,24,03810,36,
30,62000,44,4,1,2,22,03810,36,
30,295000,27,4,1,1,21,03810,36,
0,295000,25,4,1,2,21,03810,36,
25,634090,29,4,1,1,22,03810,36,
0,634090,33,4,1,2,21,03810,36,
0,47800,54,4,1,1,23,03810,36,
0,634000,32,4,1,2,21,03810,36,
30,1268000,50,4,1,2,23,03810,36,
0,1268000,61,4,1,1,23,03810,36,
30,218200,66,4,1,2,21,03810,36,
0,218200,67,4,1,1,19,03810,36,
0,123400,64,4,1,2,21,03810,36,
0,115000,50,2,1,1,21,03810,36,
0,115000,50,2,2,2,21,03810,36,
0,115000,16,2,1,2,13,03810,36,
0,115000,12,2,1,1,9,03810,36,
30,133000,32,4,1,1,21,03810,36,
0,38300,71,4,2,2,22,03810,36,
25,555000,33,1,2,2,23,03810,36,
25,555000,36,1,2,1,24,03810,36,
0,555000,3,1,1,2,2,03810,36,
0,100900,27,4,1,2,22,03810,36,
0,197000,69,4,1,1,22,03810,36,
25,119000,34,4,2,2,22,03810,36,
15,170000,26,4,1,2,21,03810,36,
0,170000,27,4,1,1,21,03810,36,
0,694000,35,4,1,1,21,03810,36,
20,230000,28,4,1,2,22,03810,36,
20,230000,30,4,1,1,21,03810,36,
15,178600,53,2,1,2,19,03810,36,
0,178600,54,2,1,2,19,03810,36,
0,178600,11,2,1,2,7,03810,36,
20,129000,24,4,1,1,21,03810,36,
30,129000,25,4,1,1,21,03810,36,
0,137000,43,4,1,1,19,03810,36,
0,137000,41,4,1,2,22,03810,36,
25,52000,21,4,1,1,19,03810,36,
5,52000,21,4,2,1,18,03810,36,
15,72000,29,4,1,2,21,03810,36,
50,93000,34,4,2,1,23,03810,36,
15,150000,26,4,1,1,21,03810,36,
15,75000,34,4,1,2,22,03810,36,
0,10900,66,4,1,1,18,03810,36,
0,430200,34,4,1,2,22,03810,36,
0,430200,37,4,1,1,23,03810,36,
30,122200,64,4,2,1,23,03810,36,
0,769000,41,4,2,1,23,03810,36,
0,769000,41,4,2,2,22,03810,36,
0,275000,26,4,1,2,21,03810,36,
20,275000,31,4,1,1,22,03810,36,
0,150000,28,4,2,1,22,03810,36,
0,150000,31,4,2,2,21,03810,36,
0,784000,42,4,2,1,22,03810,36,
0,784000,34,4,2,2,22,03810,36,
0,1634000,42,3,1,1,21,03810,36,
0,1634000,40,3,1,2,22,03810,36,
0,1634000,8,3,1,1,5,03810,36,
0,1634000,4,3,1,2,2,03810,36,
0,1634000,26,3,2,2,16,03810,36,
0,11000,37,4,1,1,21,03810,36,
0,204000,73,4,1,1,22,03810,36,
20,204000,73,4,1,2,21,03810,36,
5,111000,28,4,1,1,21,03810,36,
0,111000,27,4,2,1,21,03810,36,
5,111000,25,4,2,1,21,03810,36,
0,80000,29,4,1,2,21,03810,36,
0,300000,57,4,2,2,21,03810,36,
0,179700,81,4,1,2,21,03810,36,
0,179700,10,4,2,2,1,03810,36,
45,252000,36,4,1,2,22,03810,36,
35,252000,37,4,1,1,21,03810,36,
20,157000,27,4,1,1,21,03810,36,
138,157000,26,4,1,2,21,03810,36,
15,157000,26,4,1,1,23,03810,36,
30,101500,60,4,1,1,22,03810,36,
0,101500,70,4,1,2,22,03810,36,
0,380000,31,4,1,2,21,03810,36,
20,380000,39,4,2,1,22,03810,36,
0,81140,21,4,1,2,19,03810,36,
0,81140,21,4,1,2,19,03810,36,
0,81140,20,4,1,2,16,03810,36,
0,81140,20,4,1,2,19,03810,36,
15,440000,23,4,1,2,21,03810,36,
15,440000,23,4,1,2,21,03810,36,
15,440000,22,4,2,2,21,03810,36,
15,440000,21,4,1,2,21,03810,36,
0,3200,43,4,1,1,1,03810,36,
0,15600,84,4,2,2,21,03810,36,
0,177900,71,4,1,1,19,03810,36,
0,177900,71,4,1,2,22,03810,36,
35,779400,61,2,1,1,21,03810,36,
0,779400,50,2,1,2,21,03810,36,
0,779400,10,2,1,2,7,03810,36,
0,243500,33,4,2,1,22,03810,36,
0,243500,34,4,1,2,22,03810,36,
30,75000,78,4,1,2,21,03810,36,
0,20000,22,4,1,1,19,03810,36,
0,149000,36,4,2,1,23,03810,36,
25,235800,58,4,1,1,24,03810,36,
0,235800,53,4,1,2,22,03810,36,
0,240000,26,4,1,2,23,03810,36,
27,240000,26,4,1,1,21,03810,36,
0,54000,77,4,1,2,16,03810,36,
0,54000,67,4,1,2,21,03810,36,
0,271000,26,4,1,2,21,03810,36,
0,271000,25,4,1,2,21,03810,36,
15,275000,40,4,1,2,22,03810,36,
10,81400,30,4,1,2,20,03810,36,
45,81400,31,4,1,1,19,03810,36,
30,380000,32,1,1,2,21,03810,36,
10,380000,40,1,1,1,21,03810,36,
0,380000,0,1,1,1,0,03810,36,
0,20010,74,4,1,1,21,03810,36,
2,114000,42,4,2,1,21,03810,36,
40,159000,31,4,1,2,24,03810,36,
0,159000,31,4,2,1,24,03810,36,
0,100000,31,4,1,2,21,03810,36,
0,161000,46,4,1,1,21,03810,36,
45,161000,40,4,1,2,23,03810,36,
10,634000,27,4,2,1,21,03810,36,
0,138400,71,4,1,2,21,03810,36,
0,138400,51,4,1,1,19,03810,36,
0,188000,66,4,1,1,21,03810,36,
15,26500,41,2,2,2,12,03810,36,
0,26500,48,2,2,1,12,03810,36,
20,26500,20,2,2,2,18,03810,36,
0,26500,8,2,1,1,4,03810,36,
50,341000,53,2,1,2,21,03810,36,
20,341000,53,2,1,1,21,03810,36,
0,341000,17,2,1,1,14,03810,36,
0,341000,13,2,1,1,10,03810,36,
0,235000,40,1,1,1,22,03810,36,
0,235000,37,1,1,2,22,03810,36,
0,235000,2,1,1,1,0,03810,36,
10,120020,41,4,2,2,24,03810,36,
0,29620,79,4,1,2,21,03810,36,
0,394000,29,4,1,1,21,03810,36,
20,125000,30,4,1,2,21,03810,36,
60,50000,29,4,1,2,22,03810,36,
0,861000,28,4,1,2,22,03810,36,
0,861000,36,4,1,1,22,03810,36,
0,691000,38,1,1,1,22,03810,36,
0,691000,34,1,1,2,21,03810,36,
0,691000,4,1,1,1,1,03810,36,
0,691000,2,1,1,1,0,03810,36,
0,70000,36,4,1,2,21,03810,36,
35,165000,39,4,1,1,21,03810,36,
0,495200,69,4,1,2,21,03810,36,
0,495200,70,4,1,1,23,03810,36,
20,170000,36,1,2,1,21,03810,36,
0,170000,35,1,2,2,22,03810,36,
0,170000,5,1,1,1,3,03810,36,
25,193000,27,4,1,2,23,03810,36,
0,193000,28,4,1,2,21,03810,36,
0,27000,28,4,2,2,21,03810,36,
0,0,42,4,1,1,19,03810,36